{"cameraMode":{"drawMode":0,"name":"Shaded","section":"Shading Mode"},"sceneLighting":true,"audioPlay":false,"sceneViewState":{"m_AlwaysRefresh":false,"showFog":true,"showSkybox":true,"showFlares":true,"showImageEffects":true,"showParticleSystems":true,"showVisualEffectGraphs":true,"m_FxEnabled":true},"in2DMode":false,"pivot":{"x":-4.493401050567627,"y":24.254745483398439,"z":-11.837803840637207},"rotation":{"x":0.5572472810745239,"y":0.02364838868379593,"z":-0.01588975265622139,"w":0.8299114108085632},"size":26.965042114257814,"orthographic":false}