{"cameraMode":{"drawMode":0,"name":"Shaded","section":"Shading Mode"},"sceneLighting":true,"audioPlay":false,"sceneViewState":{"m_AlwaysRefresh":false,"showFog":true,"showSkybox":true,"showFlares":true,"showImageEffects":true,"showParticleSystems":true,"showVisualEffectGraphs":true,"m_FxEnabled":true},"in2DMode":false,"pivot":{"x":-17.743501663208009,"y":-182.8896942138672,"z":332.1197509765625},"rotation":{"x":-0.23801016807556153,"y":-0.007837597280740738,"z":0.0019808108918368818,"w":-0.9712987542152405},"size":235.57656860351563,"orthographic":false}