{"cameraMode":{"drawMode":0,"name":"Shaded","section":"Shading Mode"},"sceneLighting":true,"audioPlay":false,"sceneViewState":{"m_AlwaysRefresh":false,"showFog":true,"showSkybox":true,"showFlares":true,"showImageEffects":true,"showParticleSystems":true,"showVisualEffectGraphs":true,"m_FxEnabled":true},"in2DMode":false,"pivot":{"x":0.3375929892063141,"y":38.40082550048828,"z":-58.95249938964844},"rotation":{"x":0.369183212518692,"y":0.029265711084008218,"z":-0.011623417027294636,"w":0.9288684129714966},"size":1.4949722290039063,"orthographic":false}